{"cameraMode":{"drawMode":0,"name":"Shaded","section":"Shading Mode"},"sceneLighting":true,"audioPlay":false,"sceneViewState":{"showFog":true,"showMaterialUpdate":false,"showSkybox":true,"showFlares":true,"showImageEffects":true,"showParticleSystems":true},"in2DMode":false,"pivot":{"x":-4.731856822967529,"y":-4.389771938323975,"z":11.985193252563477},"rotation":{"x":-0.26006001234054568,"y":0.6660823822021484,"z":-0.2689746916294098,"w":-0.6458666920661926},"size":12.568665504455567,"orthographic":false}