{"cameraMode":{"drawMode":0,"name":"Shaded","section":"Shading Mode"},"sceneLighting":true,"audioPlay":false,"sceneViewState":{"showFog":true,"showMaterialUpdate":false,"showSkybox":true,"showFlares":true,"showImageEffects":true,"showParticleSystems":true},"in2DMode":false,"pivot":{"x":-37.4930534362793,"y":-18.046367645263673,"z":-11.251495361328125},"rotation":{"x":-0.12743982672691346,"y":0.7951671481132507,"z":-0.17933496832847596,"w":-0.5651446580886841},"size":25.587444305419923,"orthographic":false}